{"jiraProjectKey":"CARE","envProperties":{"TEAMCITY_BUILDCONF_NAME":"ClientProductSupport","USER":"JamesLandy","LANG":"en_US.UTF-8","PWD":"/Users/JamesLandy/Documents/Gitlab/pr-co-ui/e2e","environment":"production","appName":"ClientProductSupport","appVersion":"1.33.120","isNewRelicEnabled":true,"careOrchestratorVersion":"1.33.0","careOrchestratorBuildNumber":"2","careOrchestratorLastBuildDate":"2020-09-28 16:42:31.066253+0000","gatewayUrl":"http://sapphireqas1-sapphiregateway-v1-server.cloud.pcftest.com:80","TOGGLES_STATIC_ENABLE_SAPPHIRE_GATEWAY":true,"TOGGLES_STATIC_TOGGLE_F2482_Business_Reports":true,"TOGGLES_STATIC_TOGGLE_F2516_DeviceUnAssignment":true,"TOGGLES_STATIC_TOGGLE_RWD":true}}